{
  "project_info": {
    "project_number": "673367653138",
    "firebase_url": "https://sendflash-f21c8-default-rtdb.firebaseio.com",
    "project_id": "sendflash-f21c8",
    "storage_bucket": "sendflash-f21c8.appspot.com"
  },
  "client": [
    {
      "client_info": {
        "mobilesdk_app_id": "1:673367653138:android:5b890c8780deec711091cb",
        "android_client_info": {
          "package_name": "com.example.app"
        }
      },
      "oauth_client": [
        {
          "client_id": "673367653138-tsn8silq2aqaafi04a5mnd0bi0n0tha0.apps.googleusercontent.com",
          "client_type": 3
        }
      ],
      "api_key": [
        {
          "current_key": "AIzaSyBmRvspgjnWj-QYWsWwjGsqvoAc_jvfaII"
        }
      ],
      "services": {
        "appinvite_service": {
          "other_platform_oauth_client": [
            {
              "client_id": "673367653138-tsn8silq2aqaafi04a5mnd0bi0n0tha0.apps.googleusercontent.com",
              "client_type": 3
            }
          ]
        }
      }
    },
    {
      "client_info": {
        "mobilesdk_app_id": "1:673367653138:android:d35543119feb79e21091cb",
        "android_client_info": {
          "package_name": "com.example.sendflashconductor"
        }
      },
      "oauth_client": [
        {
          "client_id": "673367653138-tsn8silq2aqaafi04a5mnd0bi0n0tha0.apps.googleusercontent.com",
          "client_type": 3
        }
      ],
      "api_key": [
        {
          "current_key": "AIzaSyBmRvspgjnWj-QYWsWwjGsqvoAc_jvfaII"
        }
      ],
      "services": {
        "appinvite_service": {
          "other_platform_oauth_client": [
            {
              "client_id": "673367653138-tsn8silq2aqaafi04a5mnd0bi0n0tha0.apps.googleusercontent.com",
              "client_type": 3
            }
          ]
        }
      }
    }
  ],
  "configuration_version": "1"
}